Id,Pred
2016_1112_1114,0.9565090160000351
2016_1112_1122,0.9959877461797777
2016_1112_1124,0.7948844040562155
2016_1112_1138,0.936671483749002
2016_1112_1139,0.8195702001000398
2016_1112_1143,0.8342601152143851
2016_1112_1151,0.9809822751436755
2016_1112_1153,0.7638748026552966
2016_1112_1160,0.8681196628379717
2016_1112_1163,0.7817612908893824
2016_1112_1167,0.979563024753493
2016_1112_1173,0.8545697983480705
2016_1112_1181,0.5590108082729093
2016_1112_1192,0.9946022906630463
2016_1112_1195,0.9814428310695098
2016_1112_1201,0.9351883491642562
2016_1112_1211,0.6378482025769026
2016_1112_1214,0.9932435720241377
2016_1112_1218,0.9356418362497134
2016_1112_1221,0.9812173109584912
2016_1112_1231,0.741284277998426
2016_1112_1233,0.9140727454598552
2016_1112_1234,0.6363565511975098
2016_1112_1235,0.6510868948721931
2016_1112_1242,0.5663082072023518
2016_1112_1246,0.5860829030225656
2016_1112_1268,0.7777423533285122
2016_1112_1274,0.719088739282221
2016_1112_1276,0.7490492431399008
2016_1112_1277,0.5883894611149616
2016_1112_1292,0.9009600777536497
2016_1112_1314,0.5992360252992157
2016_1112_1320,0.8272869836202311
2016_1112_1323,0.8060310941729838
2016_1112_1328,0.640778540479376
2016_1112_1332,0.724501442226942
2016_1112_1333,0.9262954786689388
2016_1112_1338,0.7852123244344775
2016_1112_1344,0.835673716746487
2016_1112_1345,0.8320532788041057
2016_1112_1355,0.9044874471901427
2016_1112_1371,0.8521350807802679
2016_1112_1372,0.8005874670657724
2016_1112_1380,0.984313961189961
2016_1112_1386,0.8916358070052359
2016_1112_1392,0.9492016702882404
2016_1112_1393,0.7005166701362509
2016_1112_1396,0.8813930812866972
2016_1112_1400,0.840228989396245
2016_1112_1401,0.8240322964637935
2016_1112_1403,0.9313595105865149
2016_1112_1409,0.8963055536997206
2016_1112_1421,0.9810346068754662
2016_1112_1423,0.9768154132844598
2016_1112_1425,0.907297598281713
2016_1112_1428,0.7830210669206248
2016_1112_1433,0.6678952228341091
2016_1112_1435,0.8594788736806604
2016_1112_1437,0.5623920447043509
2016_1112_1438,0.507679946031492
2016_1112_1451,0.981399389409822
2016_1112_1452,0.7854048964615961
2016_1112_1453,0.9156494740083256
2016_1112_1455,0.6415536361872742
2016_1112_1458,0.6380818413533983
2016_1112_1462,0.7805794552690523
2016_1112_1463,0.9414564383193605
2016_1114_1122,0.8273109614657372
2016_1114_1124,0.18665299429843302
2016_1114_1138,0.4268139226583457
2016_1114_1139,0.2120709665810771
2016_1114_1143,0.2288462696643061
2016_1114_1151,0.6421712085738502
2016_1114_1153,0.16030740408685437
2016_1114_1160,0.2757621934804888
2016_1114_1163,0.17488699919069473
2016_1114_1167,0.6312473898225304
2016_1114_1173,0.2556687097118468
2016_1114_1181,0.058842853816998
2016_1114_1192,0.7998629616761285
2016_1114_1195,0.6458491997138132
2016_1114_1201,0.4221156891233516
2016_1114_1211,0.08762967234515268
2016_1114_1214,0.7765313711729802
2016_1114_1218,0.4239026311615347
2016_1114_1221,0.6437580247388548
2016_1114_1231,0.1432723644336789
2016_1114_1233,0.3650045611599992
2016_1114_1234,0.08624737605548133
2016_1114_1235,0.09256246620804162
2016_1114_1242,0.06087209687671247
2016_1114_1246,0.06724104532133275
2016_1114_1268,0.1711790275759256
2016_1114_1274,0.12846390460951065
2016_1114_1276,0.14882301585991523
2016_1114_1277,0.06801382943509657
2016_1114_1292,0.33601625672741486
2016_1114_1314,0.0716652115537302
2016_1114_1320,0.22073263516908065
2016_1114_1323,0.19772076510857484
2016_1114_1328,0.08801242953160586
2016_1114_1332,0.13172891956127167
2016_1114_1333,0.39635145617720474
2016_1114_1338,0.1779711812930858
2016_1114_1344,0.2305270395244683
2016_1114_1345,0.2262869216014502
2016_1114_1355,0.3431927194046358
2016_1114_1371,0.2519426086836482
2016_1114_1372,0.19583802101557535
2016_1114_1380,0.6714233494529022
2016_1114_1386,0.31627596191944585
2016_1114_1392,0.47138246473285433
2016_1114_1393,0.11754689693710631
2016_1114_1396,0.29778677441110035
2016_1114_1400,0.23641674933130113
2016_1114_1401,0.21667660016172746
2016_1114_1403,0.4112799995805756
2016_1114_1409,0.3256022458241151
2016_1114_1421,0.6427415374475696
2016_1114_1423,0.6107600446001266
2016_1114_1425,0.3489409050663026
2016_1114_1428,0.17591853404505295
2016_1114_1433,0.10061683356313862
2016_1114_1435,0.2624640895467983
2016_1114_1437,0.05979983824131816
2016_1114_1438,0.04513858016177938
2016_1114_1451,0.6458163218304598
2016_1114_1452,0.17796631648643094
2016_1114_1453,0.36860813373014367
2016_1114_1455,0.08909315606239392
2016_1114_1458,0.08678552211971256
2016_1114_1462,0.173444816381566
2016_1114_1463,0.44286460946715533
2016_1122_1124,0.03340171122935085
2016_1122_1138,0.1296924027693367
2016_1122_1139,0.040777915069877074
2016_1122_1143,0.04592633437587903
2016_1122_1151,0.28113889654273044
2016_1122_1153,0.026515331973819105
2016_1122_1160,0.06196796371138379
2016_1122_1163,0.030239498589253615
2016_1122_1167,0.2715300663275474
2016_1122_1173,0.05484635118409501
2016_1122_1181,0.006118630917689625
2016_1122_1192,0.4591444038829069
2016_1122_1195,0.28443870876485977
2016_1122_1201,0.12716392766255133
2016_1122_1211,0.010894882337655948
2016_1122_1214,0.4271153076858295
2016_1122_1218,0.12822749618559828
2016_1122_1221,0.28241436774691586
2016_1122_1231,0.022342950030838495
2016_1122_1233,0.09890942169581346
2016_1122_1234,0.010573638977606504
2016_1122_1235,0.011707908355608788
2016_1122_1242,0.006405161591452877
2016_1122_1246,0.007382350756653497
2016_1122_1268,0.02922892792107637
2016_1122_1274,0.018955538375673958
2016_1122_1276,0.02366171644678423
2016_1122_1277,0.007503492800953094
2016_1122_1292,0.0860782297018443
2016_1122_1314,0.008076868483735157
2016_1122_1320,0.043411953857497
2016_1122_1323,0.0365475777185958
2016_1122_1328,0.010877911657679262
2016_1122_1332,0.01966046764358278
2016_1122_1333,0.11395348021711284
2016_1122_1338,0.031067355298714967
2016_1122_1344,0.0464529954857489
2016_1122_1345,0.04513531068712835
2016_1122_1355,0.08910840221399946
2016_1122_1371,0.05350820371374535
2016_1122_1372,0.03657265337418409
2016_1122_1380,0.30884942131805465
2016_1122_1386,0.07756856923006644
2016_1122_1392,0.1553425594427194
2016_1122_1393,0.01662641832525007
2016_1122_1396,0.07027208972027912
2016_1122_1400,0.048386308878140556
2016_1122_1401,0.04211005396988527
2016_1122_1403,0.12168750499318012
2016_1122_1409,0.081458045854542
2016_1122_1421,0.28172799645580593
2016_1122_1423,0.25382095294647866
2016_1122_1425,0.09153519691855554
2016_1122_1428,0.03050268417093761
2016_1122_1433,0.013246247923726364
2016_1122_1435,0.05716183562257888
2016_1122_1437,0.006255400452211162
2016_1122_1438,0.004214476174685304
2016_1122_1451,0.28457201435688395
2016_1122_1452,0.031039863957153208
2016_1122_1453,0.10052850406349732
2016_1122_1455,0.011147058028100145
2016_1122_1458,0.0106508814537573
2016_1122_1462,0.029798027188571864
2016_1122_1463,0.13861469197827325
2016_1124_1138,0.7598305159931517
2016_1124_1139,0.5361520321954485
2016_1124_1143,0.5587666582365106
2016_1124_1151,0.8951425861062474
2016_1124_1153,0.4586026998962289
2016_1124_1160,0.6159311370562258
2016_1124_1163,0.48201272138978696
2016_1124_1167,0.8896955299878513
2016_1124_1173,0.5922883139987857
2016_1124_1181,0.24966459348838177
2016_1124_1192,0.9582520528158502
2016_1124_1195,0.8969419514907315
2016_1124_1201,0.7561070113469994
2016_1124_1211,0.31963675487598275
2016_1124_1214,0.9506032001168544
2016_1124_1218,0.7573794703147225
2016_1124_1221,0.895993678422018
2016_1124_1231,0.430126384524973
2016_1124_1233,0.7070022543103225
2016_1124_1234,0.31740000387118533
2016_1124_1235,0.33155782223281366
2016_1124_1242,0.25536587765415764
2016_1124_1246,0.27193448142369414
2016_1124_1268,0.4764249197066136
2016_1124_1274,0.4037367231281951
2016_1124_1276,0.43966945527683615
2016_1124_1277,0.2739041731212005
2016_1124_1292,0.6793156214079881
2016_1124_1314,0.28319030988762894
2016_1124_1320,0.5479329081540436
2016_1124_1323,0.5160457073507213
2016_1124_1328,0.32150886308876486
2016_1124_1332,0.40987247968595014
2016_1124_1333,0.7347206691709522
2016_1124_1338,0.48673488284052036
2016_1124_1344,0.5609863315990032
2016_1124_1345,0.5553425935961687
2016_1124_1355,0.6864757749601917
2016_1124_1371,0.58796984096956
2016_1124_1372,0.5106610397731244
2016_1124_1380,0.9087550319173971
2016_1124_1386,0.6600167045588534
2016_1124_1392,0.7930524776191915
2016_1124_1393,0.3829572658568362
2016_1124_1396,0.6403737013626216
2016_1124_1400,0.5684317569024666
2016_1124_1401,0.5427028288247808
2016_1124_1403,0.7469982558824013
2016_1124_1409,0.6694180814084106
2016_1124_1421,0.8953824147151328
2016_1124_1423,0.8793092520801252
2016_1124_1425,0.6921998241388829
2016_1124_1428,0.4836668504217954
2016_1124_1433,0.34859861106639706
2016_1124_1435,0.6005793284803822
2016_1124_1437,0.25232699717861073
2016_1124_1438,0.21040863642367078
2016_1124_1451,0.8968446074114735
2016_1124_1452,0.4868685169264015
2016_1124_1453,0.7103881977564108
2016_1124_1455,0.32305683515149036
2016_1124_1458,0.3188396017835909
2016_1124_1462,0.48010782106188293
2016_1124_1463,0.7721744568849888
2016_1138_1139,0.26934918977935923
2016_1138_1143,0.2883953367139569
2016_1138_1151,0.7083927024316612
2016_1138_1153,0.2092953869111086
2016_1138_1160,0.34055278453053195
2016_1138_1163,0.22645807298948392
2016_1138_1167,0.698300558245571
2016_1138_1173,0.318373830201209
2016_1138_1181,0.08375479330046506
2016_1138_1192,0.8474214655314088
2016_1138_1195,0.7117773916279744
2016_1138_1201,0.49522183149286225
2016_1138_1211,0.12066673973035824
2016_1138_1214,0.8276604588702577
2016_1138_1218,0.497001165389625
2016_1138_1221,0.7098823430872605
2016_1138_1231,0.18907491902607168
2016_1138_1233,0.43615929933947867
2016_1138_1234,0.11902348373241632
2016_1138_1235,0.12698996005993365
2016_1138_1242,0.08643782574504266
2016_1138_1246,0.09472430548272162
2016_1138_1268,0.2221494543814124
2016_1138_1274,0.17126165183585598
2016_1138_1276,0.1957023708277927
2016_1138_1277,0.09572550933362772
2016_1138_1292,0.4055201812196662
2016_1138_1314,0.10045421500641083
2016_1138_1320,0.27920133871000413
2016_1138_1323,0.252926223402608
2016_1138_1328,0.1212677633173456
2016_1138_1332,0.17523316016216794
2016_1138_1333,0.4687678949237778
2016_1138_1338,0.23005324520847312
2016_1138_1344,0.29029564670004676
2016_1138_1345,0.2854938970606024
2016_1138_1355,0.41317485149023153
2016_1138_1371,0.3142729839696982
2016_1138_1372,0.25031684387071873
2016_1138_1380,0.7350318782125613
2016_1138_1386,0.3845517189659399
2016_1138_1392,0.5447473039579183
2016_1138_1393,0.15794874870878942
2016_1138_1396,0.36457026768383716
2016_1138_1400,0.29689446255696034
2016_1138_1401,0.2746377339775166
2016_1138_1403,0.48406605690695254
2016_1138_1409,0.3945218495424371
2016_1138_1421,0.7089021842976532
2016_1138_1423,0.6793080763266467
2016_1138_1425,0.4193045943031012
2016_1138_1428,0.22767226510679459
2016_1138_1433,0.13702899597700313
2016_1138_1435,0.32593166583294897
2016_1138_1437,0.08501736798198958
2016_1138_1438,0.06556813730320883
2016_1138_1451,0.7117151019862316
2016_1138_1452,0.2300698627541183
2016_1138_1453,0.4399558649881547
2016_1138_1455,0.12252854685186598
2016_1138_1458,0.11972940079243245
2016_1138_1462,0.22482422986205938
2016_1138_1463,0.5162217263657758
2016_1139_1143,0.5227391877166978
2016_1139_1151,0.877627553744023
2016_1139_1153,0.4228701910746344
2016_1139_1160,0.5808115390110838
2016_1139_1163,0.44599220906155224
2016_1139_1167,0.8715634702635949
2016_1139_1173,0.55670649026979
2016_1139_1181,0.22185776280251338
2016_1139_1192,0.9494453360203445
2016_1139_1195,0.8796347132267901
2016_1139_1201,0.7266978958657693
2016_1139_1211,0.2880994461202379
2016_1139_1214,0.940554373535697
2016_1139_1218,0.7280644831103441
2016_1139_1221,0.8785684280758095
2016_1139_1231,0.3948598083731889
2016_1139_1233,0.6750052878502253
2016_1139_1234,0.285880218870672
2016_1139_1235,0.29939701435176164
2016_1139_1242,0.22717819330447175
2016_1139_1246,0.2427599847841205
2016_1139_1268,0.44043685144399697
2016_1139_1274,0.3690695655098811
2016_1139_1276,0.4042202145838946
2016_1139_1277,0.2446162157210341
2016_1139_1292,0.6461711722139988
2016_1139_1314,0.2533696305336769
2016_1139_1320,0.5118349501618779
2016_1139_1323,0.4798627358822334
2016_1139_1328,0.2897882862381338
2016_1139_1332,0.37503407166060365
2016_1139_1333,0.7041018247216931
2016_1139_1338,0.4506790489315583
2016_1139_1344,0.5249758639024689
2016_1139_1345,0.5192934514718095
2016_1139_1355,0.6535951607406019
2016_1139_1371,0.5522962457477639
2016_1139_1372,0.47475784637068225
2016_1139_1380,0.8928894923812887
2016_1139_1386,0.6261187642036966
2016_1139_1392,0.7661385787711565
2016_1139_1393,0.3488976056002225
2016_1139_1396,0.6058812837186107
2016_1139_1400,0.5325117687910308
2016_1139_1401,0.5065516526027136
2016_1139_1403,0.7170859348048808
2016_1139_1409,0.6358569212035626
2016_1139_1421,0.8778995431470931
2016_1139_1423,0.8600203453114411
2016_1139_1425,0.6595318208443222
2016_1139_1428,0.44762637310293507
2016_1139_1433,0.31576207595331257
2016_1139_1435,0.5651287160479308
2016_1139_1437,0.22434462430961308
2016_1139_1438,0.1853023715847215
2016_1139_1451,0.8795353289215957
2016_1139_1452,0.4507974341809726
2016_1139_1453,0.678537806115785
2016_1139_1455,0.29135060813115177
2016_1139_1458,0.2872318906864388
2016_1139_1462,0.4440704895607404
2016_1139_1463,0.7437953994727049
2016_1143_1151,0.8658141653633666
2016_1143_1153,0.4006577996548169
2016_1143_1160,0.5584479545844891
2016_1143_1163,0.4235211361259797
2016_1143_1167,0.8593556338958047
2016_1143_1173,0.5341323100493873
2016_1143_1181,0.2051617376422205
2016_1143_1192,0.9433353424083961
2016_1143_1195,0.867954459023288
2016_1143_1201,0.7075156854713136
2016_1143_1211,0.26892193930334096
2016_1143_1214,0.9336151594173224
2016_1143_1218,0.7089393626301537
2016_1143_1221,0.866811915740239
2016_1143_1231,0.37303276248716366
2016_1143_1233,0.6543216143920476
2016_1143_1234,0.266722648808558
2016_1143_1235,0.279803223191758
2016_1143_1242,0.2102358094144449
2016_1143_1246,0.22517008215453735
2016_1143_1268,0.41800520644487055
2016_1143_1274,0.3477015010541484
2016_1143_1276,0.38224785774203063
2016_1143_1277,0.22695154404465823
2016_1143_1292,0.6248473460829975
2016_1143_1314,0.2353536965073823
2016_1143_1320,0.489088954186882
2016_1143_1323,0.457173567997529
2016_1143_1328,0.2704954871119583
2016_1143_1332,0.3535400492679568
2016_1143_1333,0.684210577865316
2016_1143_1338,0.4281698033843087
2016_1143_1344,0.5022396743933699
2016_1143_1345,0.4965525026928867
2016_1143_1355,0.632415264023401
2016_1143_1371,0.5296789443459613
2016_1143_1372,0.4522612914915614
2016_1143_1380,0.8821390230406206
2016_1143_1386,0.6043793249400653
2016_1143_1392,0.7484548795197526
2016_1143_1393,0.32797249636358844
2016_1143_1396,0.5838313330947837
2016_1143_1400,0.5098068231203503
2016_1143_1401,0.48379033058590565
2016_1143_1403,0.6976098297558009
2016_1143_1409,0.6143001016381332
2016_1143_1421,0.866107099308347
2016_1143_1423,0.847074429669028
2016_1143_1425,0.6384680439502195
2016_1143_1428,0.42513724396654895
2016_1143_1433,0.29569955550712324
2016_1143_1435,0.5426086419092696
2016_1143_1437,0.20753487800502657
2016_1143_1438,0.1703462661047322
2016_1143_1451,0.8678544717706832
2016_1143_1452,0.4282783088929807
2016_1143_1453,0.6579364990925404
2016_1143_1455,0.2720595502954588
2016_1143_1458,0.26801666945768676
2016_1143_1462,0.421595672288539
2016_1143_1463,0.7252274446717648
2016_1151_1153,0.08742391336434328
2016_1151_1160,0.16862891231877092
2016_1151_1163,0.09698625771609032
2016_1151_1167,0.48844530350027965
2016_1151_1173,0.15366936565427677
2016_1151_1181,0.026932112760249236
2016_1151_1192,0.6832962872493088
2016_1151_1195,0.5039204154673547
2016_1151_1201,0.2874965345993287
2016_1151_1211,0.04289834178507913
2016_1151_1214,0.6539909591625261
2016_1151_1218,0.28912430682158613
2016_1151_1221,0.5016238129144563
2016_1151_1231,0.07643184123104092
2016_1151_1233,0.23913784885895453
2016_1151_1234,0.04201738839826995
2016_1151_1235,0.045631774915972985
2016_1151_1242,0.027990638132647738
2016_1151_1246,0.031420568507968746
2016_1151_1268,0.0944919312204872
2016_1151_1274,0.06712484283102627
2016_1151_1276,0.07997189466263208
2016_1151_1277,0.03184021970153836
2016_1151_1292,0.21562498407223715
2016_1151_1314,0.033824527840812
2016_1151_1320,0.1284503552641195
2016_1151_1323,0.11242356069553405
2016_1151_1328,0.04301185043085041
2016_1151_1332,0.0691319546516247
2016_1151_1333,0.26537318562146517
2016_1151_1338,0.09904840256582312
2016_1151_1344,0.13537913908644397
2016_1151_1345,0.13237837381968098
2016_1151_1355,0.22134145434542124
2016_1151_1371,0.15088019515984924
2016_1151_1372,0.1116529474938031
2016_1151_1380,0.5318364874010206
2016_1151_1386,0.1997728129117792
2016_1151_1392,0.33161612717942546
2016_1151_1393,0.06044593498128133
2016_1151_1396,0.18542290912365403
2016_1151_1400,0.1396363509937685
2016_1151_1401,0.12554335886167778
2016_1151_1403,0.2782425282130178
2016_1151_1409,0.20716761703262365
2016_1151_1421,0.5006432415114801
2016_1151_1423,0.46692070967954147
2016_1151_1425,0.2259212369509453
2016_1151_1428,0.09766272287231959
2016_1151_1433,0.05035230934339721
2016_1151_1435,0.1586527397408339
2016_1151_1437,0.02743353982611641
2016_1151_1438,0.019831693737823647
2016_1151_1451,0.5039593434929199
2016_1151_1452,0.09901994362607115
2016_1151_1453,0.24207854698868525
2016_1151_1455,0.0437223930666806
2016_1151_1458,0.04230134313131348
2016_1151_1462,0.09596906889279672
2016_1151_1463,0.3058267966320638
2016_1153_1160,0.6548379845779723
2016_1153_1163,0.5234690244802107
2016_1153_1167,0.9078032949540994
2016_1153_1173,0.6319794634390115
2016_1153_1181,0.2840196829767628
2016_1153_1192,0.9665671248155626
2016_1153_1195,0.914149274232416
2016_1153_1201,0.7872651070863838
2016_1153_1211,0.3576983265237863
2016_1153_1214,0.9601743716293345
2016_1153_1218,0.7884251503796796
2016_1153_1221,0.9133275232868743
2016_1153_1231,0.47131632081996894
2016_1153_1233,0.7414734230961217
2016_1153_1234,0.3554725570508632
2016_1153_1235,0.3702333755086892
2016_1153_1242,0.29012364556397874
2016_1153_1246,0.30770343164707
2016_1153_1268,0.5179092774515719
2016_1153_1274,0.44453599571500074
2016_1153_1276,0.4809600917693795
2016_1153_1277,0.30978827390587765
2016_1153_1292,0.7153405599668891
2016_1153_1314,0.3196143402117866
2016_1153_1320,0.5887132525073043
2016_1153_1323,0.5572916458291186
2016_1153_1328,0.3597751347382615
2016_1153_1332,0.4508008201373437
2016_1153_1333,0.7674039774091763
2016_1153_1338,0.5281766446260249
2016_1153_1344,0.6015170502365843
2016_1153_1345,0.5959822190938175
2016_1153_1355,0.7221326247658862
2016_1153_1371,0.6278123064452994
2016_1153_1372,0.5516519185713233
2016_1153_1380,0.9244111516212733
2016_1153_1386,0.6970776443461215
2016_1153_1392,0.8211817035929666
2016_1153_1393,0.4232855632919433
2016_1153_1396,0.6783101022016123
2016_1153_1400,0.608775269644958
2016_1153_1401,0.5836034007705396
2016_1153_1403,0.7787941796995606
2016_1153_1409,0.7060055013876995
2016_1153_1421,0.9127819204352441
2016_1153_1423,0.898685563291688
2016_1153_1425,0.7275605148963294
2016_1153_1428,0.52512681004776
2016_1153_1433,0.38787943618261034
2016_1153_1435,0.6400287384523315
2016_1153_1437,0.2868670965179501
2016_1153_1438,0.24188347493151396
2016_1153_1451,0.9140562485198273
2016_1153_1452,0.5283262607003318
2016_1153_1453,0.744662884498164
2016_1153_1455,0.3612821237117169
2016_1153_1458,0.357002350213233
2016_1153_1462,0.5216058725726317
2016_1153_1463,0.8020681733984545
2016_1160_1163,0.3670071369867656
2016_1160_1167,0.8238837171950206
2016_1160_1173,0.4755427452764604
2016_1160_1181,0.1660415818303241
2016_1160_1192,0.9245198807403766
2016_1160_1195,0.8338602185876542
2016_1160_1201,0.6550567586613005
2016_1160_1211,0.22292311322476516
2016_1160_1214,0.9124400906114433
2016_1160_1218,0.6566135383151523
2016_1160_1221,0.8325143999945335
2016_1160_1231,0.3189425182794661
2016_1160_1233,0.5987096215233765
2016_1160_1234,0.2208155210732003
2016_1160_1235,0.23264408967157116
2016_1160_1242,0.17046290632872077
2016_1160_1246,0.1836410757995483
2016_1160_1268,0.36168093747522695
2016_1160_1274,0.2951517849259268
2016_1160_1276,0.3276485510254217
2016_1160_1277,0.18521836587828797
2016_1160_1292,0.5680260299001108
2016_1160_1314,0.19266044390344148
2016_1160_1320,0.43080410285829707
2016_1160_1323,0.3995587486754309
2016_1160_1328,0.22420631195299812
2016_1160_1332,0.30058780086267983
2016_1160_1333,0.6302247579241029
2016_1160_1338,0.3714838913474925
2016_1160_1344,0.44376231042108377
2016_1160_1345,0.4381570990258543
2016_1160_1355,0.5758480849897754
2016_1160_1371,0.4710517574988663
2016_1160_1372,0.39520739252289155
2016_1160_1380,0.8505137662169514
2016_1160_1386,0.5467987699014754
2016_1160_1392,0.6994143327364075
2016_1160_1393,0.2768227131321644
2016_1160_1396,0.5257791063324084
2016_1160_1400,0.4512840843572137
2016_1160_1401,0.42555415279144504
2016_1160_1403,0.6445235091809092
2016_1160_1409,0.5570358458748992
2016_1160_1421,0.831720713527665
2016_1160_1423,0.8096851381769147
2016_1160_1425,0.5821066240351807
2016_1160_1428,0.3685517538606266
2016_1160_1433,0.24715666106437056
2016_1160_1435,0.48401783955417743
2016_1160_1437,0.1681126546420673
2016_1160_1438,0.13580633477160553
2016_1160_1451,0.8337624237092953
2016_1160_1452,0.3715663247500842
2016_1160_1453,0.6024833431610926
2016_1160_1455,0.22574080317197728
2016_1160_1458,0.22195347012385142
2016_1160_1462,0.3651050831538564
2016_1160_1463,0.6741470231524281
2016_1163_1167,0.8978638397243087
2016_1163_1173,0.6096607541320992
2016_1163_1181,0.26427330632778673
2016_1163_1192,0.9620590794428676
2016_1163_1195,0.9047133249945813
2016_1163_1201,0.7699395471398502
2016_1163_1211,0.3359304024882921
2016_1163_1214,0.9549752858466569
2016_1163_1218,0.7711636089792501
2016_1163_1221,0.9038210954147085
2016_1163_1231,0.44792421063105203
2016_1163_1233,0.7222357137415505
2016_1163_1234,0.33369459731633533
2016_1163_1235,0.34813138441627756
2016_1163_1242,0.27015415764280554
2016_1163_1246,0.2871780423493433
2016_1163_1268,0.49441642018704635
2016_1163_1274,0.42132789214219823
2016_1163_1276,0.4575245054887129
2016_1163_1277,0.28919973524883963
2016_1163_1292,0.6951969633925094
2016_1163_1314,0.29872980346623557
2016_1163_1320,0.5657191986787073
2016_1163_1323,0.5339898644081729
2016_1163_1328,0.3378923494567694
2016_1163_1332,0.42752815899895286
2016_1163_1333,0.7492006593387359
2016_1163_1338,0.5047225732202756
2016_1163_1344,0.5786821011895174
2016_1163_1345,0.5730779269887369
2016_1163_1355,0.7022047427404727
2016_1163_1371,0.6054025915523229
2016_1163_1372,0.5284859593882204
2016_1163_1380,0.9158399603074229
2016_1163_1386,0.6763284277295312
2016_1163_1392,0.8055866383028796
2016_1163_1393,0.4003154830619103
2016_1163_1396,0.6570432355611658
2016_1163_1400,0.5860561469634813
2016_1163_1401,0.5605342730427643
2016_1163_1403,0.7611011836871955
2016_1163_1409,0.6855341491168276
2016_1163_1421,0.9032384551025314
2016_1163_1423,0.8880361058801898
2016_1163_1425,0.7078061460412128
2016_1163_1428,0.5016580743268038
2016_1163_1433,0.36545675667572686
2016_1163_1435,0.6178575770267163
2016_1163_1437,0.267018291723608
2016_1163_1438,0.22373637829839182
2016_1163_1451,0.904617640853562
2016_1163_1452,0.5048633595595868
2016_1163_1453,0.7255395247133813
2016_1163_1455,0.33942549682890916
2016_1163_1458,0.3351747960110415
2016_1163_1462,0.49811055254838005
2016_1163_1463,0.7854665556903012
2016_1167_1173,0.16072740491131193
2016_1167_1181,0.028829490601175577
2016_1167_1192,0.6934705424840815
2016_1167_1195,0.5154727258093835
2016_1167_1201,0.297525724166577
2016_1167_1211,0.04565689008781821
2016_1167_1214,0.664560521425168
2016_1167_1218,0.29917317435221297
2016_1167_1221,0.5131829159648407
2016_1167_1231,0.08075580804177708
2016_1167_1233,0.24829686778650187
2016_1167_1234,0.04473866848394759
2016_1167_1235,0.04853817865124672
2016_1167_1242,0.029950891701235185
2016_1167_1246,0.033574844955189684
2016_1167_1268,0.09954883046382434
2016_1167_1274,0.07104767586735923
2016_1167_1276,0.08444397243482497
2016_1167_1277,0.03401792723679372
2016_1167_1292,0.22427743998681154
2016_1167_1314,0.03611290622184676
2016_1167_1320,0.13471921104708393
2016_1167_1323,0.11814229974745086
2016_1167_1328,0.04578544061665929
2016_1167_1332,0.07314514840870508
2016_1167_1333,0.27502957226015645
2016_1167_1338,0.10427624504112717
2016_1167_1344,0.14187669860949495
2016_1167_1345,0.13877697949535742
2016_1167_1355,0.2301256849410493
2016_1167_1371,0.1578594149830948
2016_1167_1372,0.11729992324701562
2016_1167_1380,0.5433189451509025
2016_1167_1386,0.20807044329671265
2016_1167_1392,0.34223665416864796
2016_1167_1393,0.06406536884750529
2016_1167_1396,0.19335861660079737
2016_1167_1400,0.14626669323984043
2016_1167_1401,0.1317194392839649
2016_1167_1403,0.28811159202205955
2016_1167_1409,0.21563859876526986
2016_1167_1421,0.5121947441166591
2016_1167_1423,0.47846380657621584
2016_1167_1425,0.23481100921052941
2016_1167_1428,0.10283932058397985
2016_1167_1433,0.05349071210155414
2016_1167_1435,0.16586014671201146
2016_1167_1437,0.02936049898784411
2016_1167_1438,0.021303227518506693
2016_1167_1451,0.515505723171392
2016_1167_1452,0.10424886221543753
2016_1167_1453,0.2512994808527738
2016_1167_1455,0.04652431449252258
2016_1167_1458,0.04503926343907516
2016_1167_1462,0.10108501688691811
2016_1167_1463,0.31612219411909837
2016_1173_1181,0.18178987197663732
2016_1173_1192,0.9328409580800464
2016_1173_1195,0.8486739542705977
2016_1173_1201,0.6773535789380569
2016_1173_1211,0.2415973032963059
2016_1173_1214,0.9217767371827388
2016_1173_1218,0.6788571850369649
2016_1173_1221,0.8474136327971331
2016_1173_1231,0.3411579198577816
2016_1173_1233,0.6222093682875607
2016_1173_1234,0.23944587192616396
2016_1173_1235,0.25181263679046784
2016_1173_1242,0.1864848934646585
2016_1173_1246,0.20040491436324254
2016_1173_1268,0.384921499704241
2016_1173_1274,0.3166760395929976
2016_1173_1276,0.35009472247150786
2016_1173_1277,0.2020686417309176
2016_1173_1292,0.5919628175704694
2016_1173_1314,0.2099172887892196
2016_1173_1320,0.45502574607938473
2016_1173_1323,0.4234260452462094
2016_1173_1328,0.24300011318672457
2016_1173_1332,0.3222903929609953
2016_1173_1333,0.6531109528549699
2016_1173_1338,0.394898029654578
2016_1173_1344,0.4680955783310772
2016_1173_1345,0.46244261510590173
2016_1173_1355,0.5996965805435517
2016_1173_1371,0.49551384691237466
2016_1173_1372,0.4188326745083481
2016_1173_1380,0.8642904593415595
2016_1173_1386,0.5710047603628532
2016_1173_1392,0.7203577794744178
2016_1173_1393,0.2977285646761631
2016_1173_1396,0.5501326067976201
2016_1173_1400,0.47565454401843515
2016_1173_1401,0.44974273167960244
2016_1173_1403,0.6670615284745578
2016_1173_1409,0.5811332631772496
2016_1173_1421,0.8466562862446665
2016_1173_1423,0.8258729444299168
2016_1173_1425,0.6058834815996288
2016_1173_1428,0.3919171539831978
2016_1173_1433,0.26692498895027883
2016_1173_1435,0.5084962091767709
2016_1173_1437,0.18398770509314852
2016_1173_1438,0.14963813595298572
2016_1173_1451,0.848574665755682
2016_1173_1452,0.394991363902018
2016_1173_1453,0.6259250411005
2016_1173_1455,0.2445517527382872
2016_1173_1458,0.2406497065917509
2016_1173_1462,0.38842265697164396
2016_1173_1463,0.695901892047406
2016_1181_1192,0.991876012621282
2016_1181_1195,0.9736855562035229
2016_1181_1201,0.9144060618063767
2016_1181_1211,0.5811523479423384
2016_1181_1214,0.9899325579566827
2016_1181_1218,0.9149802285228817
2016_1181_1221,0.9733790564073767
2016_1181_1231,0.6912085674630579
2016_1181_1233,0.8885789282855189
2016_1181_1234,0.5794369434595552
2016_1181_1235,0.5948233941468359
2016_1181_1242,0.5073448484775789
2016_1181_1246,0.5274980888157723
2016_1181_1268,0.731241009398818
2016_1181_1274,0.6671222772134766
2016_1181_1276,0.6996850898188554
2016_1181_1277,0.5298568562494232
2016_1181_1292,0.8728135548878138
2016_1181_1314,0.5409544120201647
2016_1181_1320,0.7868996743833002
2016_1181_1323,0.762853208894273
2016_1181_1328,0.5840282782049888
2016_1181_1332,0.6729466538215465
2016_1181_1333,0.9034628838522556
2016_1181_1338,0.7395671600464916
2016_1181_1344,0.7964506894712571
2016_1181_1345,0.7923263972480499
2016_1181_1355,0.8770251056828561
2016_1181_1371,0.8153715853414096
2016_1181_1372,0.7570833395829663
2016_1181_1380,0.9775712991506511
2016_1181_1386,0.8616414669135897
2016_1181_1392,0.9319325632176817
2016_1181_1393,0.6471862430026785
2016_1181_1396,0.8495343411411476
2016_1181_1400,0.8016839239811482
2016_1181_1401,0.783171549593151
2016_1181_1403,0.9097032781045561
2016_1181_1409,0.8672093092481993
2016_1181_1421,0.9731402066352101
2016_1181_1423,0.9675071276562713
2016_1181_1425,0.8803827800135854
2016_1181_1428,0.7371184602706993
2016_1181_1433,0.6125490963311068
2016_1181_1435,0.8238829295417273
2016_1181_1437,0.5034077022115513
2016_1181_1438,0.4485459154350153
2016_1181_1451,0.9736316415542257
2016_1181_1452,0.7397625984840206
2016_1181_1453,0.8904805934366584
2016_1181_1455,0.5849942017676606
2016_1181_1458,0.5811962158275167
2016_1181_1462,0.7343692039828049
2016_1181_1463,0.9222072771022467
2016_1192_1195,0.32019029417705647
2016_1192_1201,0.14975475129222768
2016_1192_1211,0.014179443612214638
2016_1192_1214,0.467686327243562
2016_1192_1218,0.15093028767131578
2016_1192_1221,0.31806850789987345
2016_1192_1231,0.02835943067913737
2016_1192_1233,0.11791455946625685
2016_1192_1234,0.013785442893345557
2016_1192_1235,0.015211674838984805
2016_1192_1242,0.008493797844032687
2016_1192_1246,0.009743627248275495
2016_1192_1268,0.03672604955757386
2016_1192_1274,0.024209785694722805
2016_1192_1276,0.029968339200099323
2016_1192_1277,0.00989821058691461
2016_1192_1292,0.1032797162227882
2016_1192_1314,0.010629754165093895
2016_1192_1320,0.05368373115068045
2016_1192_1323,0.045512448288865734
2016_1192_1328,0.014169761773472
2016_1192_1332,0.02507882128925944
2016_1192_1333,0.13492428414911423
2016_1192_1338,0.03893770520809901
2016_1192_1344,0.05728831195182994
2016_1192_1345,0.05572656050879054
2016_1192_1355,0.1067536982975751
2016_1192_1371,0.06559753602485859
2016_1192_1372,0.04546895743464663
2016_1192_1380,0.3458085282998957
2016_1192_1386,0.09354522163694497
2016_1192_1392,0.18101382018653603
2016_1192_1393,0.02133498254050069
2016_1192_1396,0.08511815909214052
2016_1192_1400,0.059566165602467344
2016_1192_1401,0.05214598967330905
2016_1192_1403,0.1435967970467801
2016_1192_1409,0.09801066465430254
2016_1192_1421,0.31731721356578574
2016_1192_1423,0.287742787903218
2016_1192_1425,0.10953627812434645
2016_1192_1428,0.03825958425109713
2016_1192_1433,0.017133165959418748
2016_1192_1435,0.06987619843484473
2016_1192_1437,0.008300263022802285
2016_1192_1438,0.005662666628732817
2016_1192_1451,0.32031221697417706
2016_1192_1452,0.03890801449975023
2016_1192_1453,0.11975846546095416
2016_1192_1455,0.014497918677172478
2016_1192_1458,0.013885184094724782
2016_1192_1462,0.03741632804223433
2016_1192_1463,0.1625077314187645
2016_1195_1201,0.2841338221833904
2016_1195_1211,0.0419961087402569
2016_1195_1214,0.6503749651203293
2016_1195_1218,0.2857546343785872
2016_1195_1221,0.49770158068829984
2016_1195_1231,0.07500885955895158
2016_1195_1233,0.23607657378880226
2016_1195_1234,0.0411276236553256
2016_1195_1235,0.04468068215193443
2016_1195_1242,0.027352288891835264
2016_1195_1246,0.03071824924393415
2016_1195_1268,0.09282359563912483
2016_1195_1274,0.0658357935185816
2016_1195_1276,0.07849939694481714
2016_1195_1277,0.03113017015635395
2016_1195_1292,0.2127378049351115
2016_1195_1314,0.03307796396466044
2016_1195_1320,0.12637410697270765
2016_1195_1323,0.11053277340932069
2016_1195_1328,0.042104777798261106
2016_1195_1332,0.06781279243110527
2016_1195_1333,0.2621400158445849
2016_1195_1338,0.09732264947534223
2016_1195_1344,0.13322566112388837
2016_1195_1345,0.13025831268591007
2016_1195_1355,0.21840911490521525
2016_1195_1371,0.14856366301960405
2016_1195_1372,0.10978569736027262
2016_1195_1380,0.5279340503330778
2016_1195_1386,0.19700738934937834
2016_1195_1392,0.32804560145779854
2016_1195_1393,0.059257950930308605
2016_1195_1396,0.18278105972882394
2016_1195_1400,0.13743792953209633
2016_1195_1401,0.12349848401351972
2016_1195_1403,0.2749353906278487
2016_1195_1409,0.20434282367670775
2016_1195_1421,0.4967237964014444
2016_1195_1423,0.46301105739865006
2016_1195_1425,0.2229527245688087
2016_1195_1428,0.09595419263810206
2016_1195_1433,0.04932421212121621
2016_1195_1435,0.15625877993010004
2016_1195_1437,0.02680613820827938
2016_1195_1438,0.019354011322003876
2016_1195_1451,0.5000409205600043
2016_1195_1452,0.09729385967038098
2016_1195_1453,0.23899597028302913
2016_1195_1455,0.0428058102957345
2016_1195_1458,0.04140609867104551
2016_1195_1462,0.0942809521110267
2016_1195_1463,0.30237091022101154
2016_1201_1211,0.12306099810686943
2016_1201_1214,0.8307191256718246
2016_1201_1218,0.5017768496479494
2016_1201_1221,0.7139853381683833
2016_1201_1231,0.19231162837769056
2016_1201_1233,0.4408731520905546
2016_1201_1234,0.12140129071537706
2016_1201_1235,0.12947909225986542
2016_1201_1242,0.0883226205217106
2016_1201_1246,0.09674147186716558
2016_1201_1268,0.2257145843277604
2016_1201_1274,0.17430434181230287
2016_1201_1276,0.19900806950663966
2016_1201_1277,0.0977583948061075
2016_1201_1292,0.4101573558588966
2016_1201_1314,0.10256121186417172
2016_1201_1320,0.2832258045381573
2016_1201_1323,0.2567533257279399
2016_1201_1328,0.12367807765225107
2016_1201_1332,0.178321965287275
2016_1201_1333,0.4735296319356951
2016_1201_1338,0.23368745370233748
2016_1201_1344,0.29439768107743486
2016_1201_1345,0.2895624337815429
2016_1201_1355,0.4178357058401511
2016_1201_1371,0.31852457244948934
2016_1201_1372,0.25409431025485896
2016_1201_1380,0.7389516028003256
2016_1201_1386,0.38912969853543167
2016_1201_1392,0.5494881998687284
2016_1201_1393,0.16083464634391084
2016_1201_1396,0.369069466769815
2016_1201_1400,0.30103795101588215
2016_1201_1401,0.27863228933908774
2016_1201_1403,0.48883536423248725
2016_1201_1409,0.3991321072043584
2016_1201_1421,0.7130086423682497
2016_1201_1423,0.6835960420198977
2016_1201_1425,0.42398429851631764
2016_1201_1428,0.23128615718016526
2016_1201_1433,0.13965059246505473
2016_1201_1435,0.3302481347549065
2016_1201_1437,0.08687782049673035
2016_1201_1438,0.06709339812381465
2016_1201_1451,0.7158022174564046
2016_1201_1452,0.23370566320418662
2016_1201_1453,0.444678416165938
2016_1201_1455,0.12494984456439966
2016_1201_1458,0.1221188272786492
2016_1201_1462,0.22841522059766117
2016_1201_1463,0.5209932937781934
2016_1211_1214,0.9826941945563674
2016_1211_1218,0.8777087721731389
2016_1211_1221,0.9575473714463902
2016_1211_1231,0.6152517368710586
2016_1211_1233,0.8439762913671103
2016_1211_1234,0.4980275299472956
2016_1211_1235,0.5137253217817532
2016_1211_1242,0.4259657455209062
2016_1211_1246,0.4458370798171275
2016_1211_1268,0.6590482301740184
2016_1211_1274,0.5893336203496269
2016_1211_1276,0.6244491784022221
2016_1211_1277,0.44817386407109827
2016_1211_1292,0.8243486246432017
2016_1211_1314,0.45917520074517165
2016_1211_1320,0.7219382159648291
2016_1211_1323,0.6944989466816246
2016_1211_1328,0.5026726679200567
2016_1211_1332,0.5955267016753552
2016_1211_1333,0.8628503550956707
2016_1211_1338,0.6683511286151529
2016_1211_1344,0.7329395249379653
2016_1211_1345,0.7281870248244837
2016_1211_1355,0.8295394118471671
2016_1211_1371,0.7550223180258357
2016_1211_1372,0.6885305855751656
2016_1211_1380,0.9637573101373229
2016_1211_1386,0.8105095995927707
2016_1211_1392,0.9000441819470034
2016_1211_1393,0.5682061264185689
2016_1211_1396,0.7958023246777328
2016_1211_1400,0.7390428343512321
2016_1211_1401,0.7176087369719586
2016_1211_1403,0.8709011521313221
2016_1211_1409,0.8173579485613893
2016_1211_1421,0.957211940346236
2016_1211_1423,0.9490382004562301
2016_1211_1425,0.83368175059651
2016_1211_1428,0.6656052230163124
2016_1211_1433,0.5320520263444075
2016_1211_1435,0.7650740679831489
2016_1211_1437,0.4221563720345018
2016_1211_1438,0.3692517141868982
2016_1211_1451,0.9579346213011393
2016_1211_1452,0.6685392824018925
2016_1211_1453,0.8463543281058715
2016_1211_1455,0.5038798974164553
2016_1211_1458,0.49976183096112026
2016_1211_1462,0.6624899993206306
2016_1211_1463,0.8871494420962104
2016_1214_1218,0.17054380501141814
2016_1214_1221,0.3474384489829379
2016_1214_1231,0.03395396000220094
2016_1214_1233,0.1345477905077033
2016_1214_1234,0.016846942308496145
2016_1214_1235,0.01854088299537867
2016_1214_1242,0.01051557717626062
2016_1214_1246,0.012019614428505798
2016_1214_1268,0.043631109383871616
2016_1214_1274,0.029123786591147616
2016_1214_1276,0.035820795015581934
2016_1214_1277,0.012205307993808263
2016_1214_1292,0.11843240819434539
2016_1214_1314,0.013083967855799905
2016_1214_1320,0.06300206977894122
2016_1214_1323,0.05369980660343593
2016_1214_1328,0.017304981615404315
2016_1214_1332,0.030140292327319722
2016_1214_1333,0.15315111518401905
2016_1214_1338,0.04616955500275696
2016_1214_1344,0.06709192151445738
2016_1214_1345,0.06532002537550105
2016_1214_1355,0.12227321907285711
2016_1214_1371,0.07647297613749407
2016_1214_1372,0.05358513063522366
2016_1214_1380,0.37605309945355936
2016_1214_1386,0.10768858926612847
2016_1214_1392,0.20296333566926866
2016_1214_1393,0.025757965302276586
2016_1214_1396,0.09831807291214822
2016_1214_1400,0.06966439541620939
2016_1214_1401,0.06126208695233532
2016_1214_1403,0.1625750176142287
2016_1214_1409,0.11263093375245643
2016_1214_1421,0.3466380282636317
2016_1214_1423,0.3158938274901477
2016_1214_1425,0.1253498658177653
2016_1214_1428,0.045392291391533265
2016_1214_1433,0.020811368940920724
2016_1214_1435,0.08128225352120123
2016_1214_1437,0.010280826499780796
2016_1214_1438,0.007081241579854805
2016_1214_1451,0.34973608348818314
2016_1214_1452,0.046138490676363414
2016_1214_1453,0.13657582382719566
2016_1214_1455,0.017685342860435962
2016_1214_1458,0.01696780617093297
2016_1214_1462,0.04442842264571456
2016_1214_1463,0.183065014805522
2016_1218_1221,0.7123598284622399
2016_1218_1231,0.191230296150556
2016_1218_1233,0.4391505128281732
2016_1218_1234,0.12063800446410068
2016_1218_1235,0.12867582388805424
2016_1218_1242,0.08773286771059252
2016_1218_1246,0.09610576277868181
2016_1218_1268,0.224505482515793
2016_1218_1274,0.17329691957404805
2016_1218_1276,0.1979001832150474
2016_1218_1277,0.09711720358643659
2016_1218_1292,0.4084784411750169
2016_1218_1314,0.10189416020904271
2016_1218_1320,0.28182931229637515
2016_1218_1323,0.2554386707979252
2016_1218_1328,0.12290321800503407
2016_1218_1332,0.17729722881244053
2016_1218_1333,0.4717725411646757
2016_1218_1338,0.2324506813600183
2016_1218_1344,0.2929684739210071
2016_1218_1345,0.288147363210212
2016_1218_1355,0.41614426693862155
2016_1218_1371,0.3170305399860165
2016_1218_1372,0.2527972379786558
2016_1218_1380,0.7373862548697361
2016_1218_1386,0.38748310745669917
2016_1218_1392,0.5476997999026922
2016_1218_1393,0.15988588610268267
2016_1218_1396,0.3674614810177259
2016_1218_1400,0.29959080592100357
2016_1218_1401,0.27724861211047086
2016_1218_1403,0.4870675594208037
2016_1218_1409,0.3974686917864184
2016_1218_1421,0.7113823367539511
2016_1218_1423,0.6819133211994701
2016_1218_1425,0.42228286196070125
2016_1218_1428,0.23005756759313253
2016_1218_1433,0.13879908329693777
2016_1218_1435,0.328725168593361
2016_1218_1437,0.08629636394070447
2016_1218_1438,0.06662593199977629
2016_1218_1451,0.7141821506822363
2016_1218_1452,0.23246838599296601
2016_1218_1453,0.4429506391858212
2016_1218_1455,0.12417045829058374
2016_1218_1458,0.1213515242122556
2016_1218_1462,0.22719599052097064
2016_1218_1463,0.5192080516027577
2016_1221_1231,0.07574734117448699
2016_1221_1233,0.23776758875639603
2016_1221_1234,0.041577243435581314
2016_1221_1235,0.04516296421860675
2016_1221_1242,0.02766948797307529
2016_1221_1246,0.031068870397364855
2016_1221_1268,0.09369823816966008
2016_1221_1274,0.0665007016440888
2016_1221_1276,0.07926521751513688
2016_1221_1277,0.03148484060320718
2016_1221_1292,0.2143222055525382
2016_1221_1314,0.033451766218946175
2016_1221_1320,0.1274799090700235
2016_1221_1323,0.11153281142887064
2016_1221_1328,0.04256356980246784
2016_1221_1332,0.06849411972433238
2016_1221_1333,0.26393840457757317
2016_1221_1338,0.09822957467444896
2016_1221_1344,0.13437578138736828
2016_1221_1345,0.1313892531621516
2016_1221_1355,0.22002089043718295
2016_1221_1371,0.14980823633887091
2016_1221_1372,0.1107737369919899
2016_1221_1380,0.5302349206484558
2016_1221_1386,0.19851764794892218
2016_1221_1392,0.3300638228262299
2016_1221_1393,0.05986784504191263
2016_1221_1396,0.1842174182075514
2016_1221_1400,0.13861406951548152
2016_1221_1401,0.12458618523529025
2016_1221_1403,0.27678100290168384
2016_1221_1409,0.20588898431406868
2016_1221_1421,0.4990201397972105
2016_1221_1423,0.4652859422303157
2016_1221_1425,0.22458643321773836
2016_1221_1428,0.09685141174824963
2016_1221_1433,0.04984782011721185
2016_1221_1435,0.15754859998930826
2016_1221_1437,0.02711768001166448
2016_1221_1438,0.019588246103974347
2016_1221_1451,0.5023381957993596
2016_1221_1452,0.09820090462144339
2016_1221_1453,0.24070007965341145
2016_1221_1455,0.043269932311474885
2016_1221_1458,0.04185856695483364
2016_1221_1462,0.09516660291569407
2016_1221_1463,0.3043125223383938
2016_1231_1233,0.7643043740342323
2016_1231_1234,0.3825435167452138
2016_1231_1235,0.39765782785415515
2016_1231_1242,0.31515524764302155
2016_1231_1246,0.3333720825324956
2016_1231_1268,0.5465632449366752
2016_1231_1274,0.4730818132084096
2016_1231_1276,0.5096653815632848
2016_1231_1277,0.3355289205796837
2016_1231_1292,0.7393324125200593
2016_1231_1314,0.3456922018423937
2016_1231_1320,0.616530999179949
2016_1231_1323,0.5855846306620924
2016_1231_1328,0.38696222441412975
2016_1231_1332,0.47940541629058037
2016_1231_1333,0.7889268960162585
2016_1231_1338,0.5567498106950648
2016_1231_1344,0.6291006901384835
2016_1231_1345,0.6236677440511715
2016_1231_1355,0.7458455891495952
2016_1231_1371,0.6547977214416109
2016_1231_1372,0.5797997599164122
2016_1231_1380,0.934229866770833
2016_1231_1386,0.7218491371744453
2016_1231_1392,0.8394647545460497
2016_1231_1393,0.4516082976951908
2016_1231_1396,0.7037609640810873
2016_1231_1400,0.6361956216238311
2016_1231_1401,0.6115284317372836
2016_1231_1403,0.7996785760968698
2016_1231_1409,0.7304169597146932
2016_1231_1421,0.9237518119419089
2016_1231_1423,0.9109725924704422
2016_1231_1425,0.7510492592370918
2016_1231_1428,0.553727772108962
2016_1231_1433,0.41564262761179904
2016_1231_1435,0.666687594932821
2016_1231_1437,0.3117579518643959
2016_1231_1438,0.26478433886736324
2016_1231_1451,0.9249018017383568
2016_1231_1452,0.556909644672841
2016_1231_1453,0.7673477480431723
2016_1231_1455,0.3884306025853367
2016_1231_1458,0.38413015883154533
2016_1231_1462,0.5502507001457095
2016_1231_1463,0.8215926527826647
2016_1233_1234,0.15417167428701412
2016_1233_1235,0.16365929574007043
2016_1233_1242,0.11475066050009908
2016_1233_1246,0.12489032750174585
2016_1233_1268,0.2729896272951857
2016_1233_1274,0.21534725331236912
2016_1233_1276,0.24321712654663408
2016_1233_1277,0.12611089373666876
2016_1233_1292,0.46873962401253977
2016_1233_1314,0.13187344490113326
2016_1233_1320,0.3357110708247004
2016_1233_1323,0.30703495004141484
2016_1233_1328,0.15686295820957835
2016_1233_1332,0.2199281715143155
2016_1233_1333,0.5328105759670146
2016_1233_1338,0.28175960591123145
2016_1233_1344,0.34773446603902947
2016_1233_1345,0.34253172819046995
2016_1233_1355,0.47661161045112904
2016_1233_1371,0.3734570286480472
2016_1233_1372,0.303742138804484
2016_1233_1380,0.7847391834271362
2016_1233_1386,0.4472543921953322
2016_1233_1392,0.6074972918095407
2016_1233_1393,0.1999566765101122
2016_1233_1396,0.42647021991032563
2016_1233_1400,0.35481783609174755
2016_1233_1401,0.33079449057805865
2016_1233_1403,0.5480034642316525
2016_1233_1409,0.4575271696112321
2016_1233_1421,0.7613109296125052
2016_1233_1423,0.7344153806081493
2016_1233_1425,0.48291361858125154
2016_1233_1428,0.2791250651133579
2016_1233_1433,0.17548985009199625
2016_1233_1435,0.38585155151854994
2016_1233_1437,0.11298501390669934
2016_1233_1438,0.08877519133232628
2016_1233_1451,0.7638420953163484
2016_1233_1452,0.2817997274182717
2016_1233_1453,0.5038624203484102
2016_1233_1455,0.15825764131926595
2016_1233_1458,0.1550407106824368
2016_1233_1462,0.27599483389766744
2016_1233_1463,0.5797572322676925
2016_1234_1235,0.5157405937407407
2016_1234_1242,0.4277083148887835
2016_1234_1246,0.4476489016495201
2016_1234_1268,0.6612843738495444
2016_1234_1274,0.5915059625527271
2016_1234_1276,0.626663001080894
2016_1234_1277,0.44999360671604866
2016_1234_1292,0.8262907222726015
2016_1234_1314,0.46103210954716806
2016_1234_1320,0.724147832787001
2016_1234_1323,0.6967301619882402
2016_1234_1328,0.5046587633367532
2016_1234_1332,0.597709066449901
2016_1234_1333,0.8645985624703426
2016_1234_1338,0.6705872435209685
2016_1234_1344,0.735136516558855
2016_1234_1345,0.7303895387715051
2016_1234_1355,0.8314602282274733
2016_1234_1371,0.7571822676818607
2016_1234_1372,0.6907439701250159
2016_1234_1380,0.9645410024625694
2016_1234_1386,0.812511701338826
2016_1234_1392,0.9015290460184325
2016_1234_1393,0.5703423302291113
2016_1234_1396,0.7978546860641428
2016_1234_1400,0.7412297752985028
2016_1234_1401,0.7198247031963323
2016_1234_1403,0.8725978897689166
2016_1234_1409,0.8193326853556344
2016_1234_1421,0.9580910587136696
2016_1234_1423,0.9500266985732101
2016_1234_1425,0.8355854304324193
2016_1234_1428,0.6678417035779765
2016_1234_1433,0.5341110850814056
2016_1234_1435,0.7672122077253181
2016_1234_1437,0.4238842746905597
2016_1234_1438,0.37077388289405333
2016_1234_1451,0.9588034259540582
2016_1234_1452,0.6707764677826675
2016_1234_1453,0.8481949585244286
2016_1234_1455,0.5058638562681752
2016_1234_1458,0.5017404766915528
2016_1234_1462,0.6647280064921848
2016_1234_1463,0.8887360012657074
2016_1235_1242,0.4122512353598959
2016_1235_1246,0.4320610424432947
2016_1235_1268,0.6467581297932238
2016_1235_1274,0.5761260879625067
2016_1235_1276,0.6116576351617666
2016_1235_1277,0.43439249644181205
2016_1235_1292,0.8160557386804215
2016_1235_1314,0.44536997333809014
2016_1235_1320,0.7108552896201032
2016_1235_1323,0.6828479016165068
2016_1235_1328,0.4889106397881225
2016_1235_1332,0.5823784191683884
2016_1235_1333,0.8558951554929285
2016_1235_1338,0.6562234070584357
2016_1235_1344,0.7221000732099869
2016_1235_1345,0.7172420992779591
2016_1235_1355,0.8214129711587674
2016_1235_1371,0.7447153666913608
2016_1235_1372,0.6768499290847423
2016_1235_1380,0.9613934380415649
2016_1235_1386,0.8017631184467805
2016_1235_1392,0.8945803812987172
2016_1235_1393,0.5548079170239444
2016_1235_1396,0.7866147638789898
2016_1235_1400,0.7283498892219125
2016_1235_1401,0.7064246535176242
2016_1235_1403,0.8642551417847815
2016_1235_1409,0.8088290627158319
2016_1235_1421,0.9544850274866143
2016_1235_1423,0.9458750897936978
2016_1235_1425,0.825688698983722
2016_1235_1428,0.653428023272975
2016_1235_1433,0.5184175561627711
2016_1235_1435,0.7550271780235517
2016_1235_1437,0.40846621743414047
2016_1235_1438,0.3559306119571158
2016_1235_1451,0.9552474152109387
2016_1235_1452,0.6564101406010505
2016_1235_1453,0.8387998525964623
2016_1235_1455,0.4901584878981402
2016_1235_1458,0.48598823361728766
2016_1235_1462,0.6502516610126436
2016_1235_1463,0.8811432687503029
2016_1242_1246,0.5201845655655111
2016_1242_1268,0.7253036198273026
2016_1242_1274,0.6605360277230334
2016_1242_1276,0.6934056077116451
2016_1242_1277,0.5225479990494242
2016_1242_1292,0.8691481058077066
2016_1242_1314,0.5336681769411824
2016_1242_1320,0.7817069104763592
2016_1242_1323,0.7573188466672418
2016_1242_1328,0.5769007080352071
2016_1242_1332,0.6664082362059048
2016_1242_1333,0.9004720800395376
2016_1242_1338,0.7337333680140781
2016_1242_1344,0.7914010915887285
2016_1242_1345,0.7872148317995058
2016_1242_1355,0.8734460053117629
2016_1242_1371,0.8106262097619943
2016_1242_1372,0.7515127755286539
2016_1242_1380,0.976667359843544
2016_1242_1386,0.8577424410257499
2016_1242_1392,0.9296558430699838
2016_1242_1393,0.6404421246209318
2016_1242_1396,0.8454011515026543
2016_1242_1400,0.7967181573190394
2016_1242_1401,0.7779203556422329
2016_1242_1403,0.9068629522708151
2016_1242_1409,0.8634235510951834
2016_1242_1421,0.9720843333349032
2016_1242_1423,0.9662653954854737
2016_1242_1425,0.8768727998881849
2016_1242_1428,0.7312534508466315
2016_1242_1433,0.6055765947677747
2016_1242_1435,0.8192826745834744
2016_1242_1437,0.4960634272678225
2016_1242_1438,0.4412270957677831
2016_1242_1451,0.9725924612159008
2016_1242_1452,0.7339289513454688
2016_1242_1453,0.8871921991564172
2016_1242_1455,0.5778902479434165
2016_1242_1458,0.5740537767330463
2016_1242_1462,0.7284666814394234
2016_1242_1463,0.9196754591274064
2016_1246_1268,0.7081356838052435
2016_1246_1274,0.6417900501072745
2016_1246_1276,0.6753930039821447
2016_1246_1277,0.5023661953389842
2016_1246_1292,0.8580627008166809
2016_1246_1314,0.5135012495850084
2016_1246_1320,0.7664599058797046
2016_1246_1323,0.741180443505739
2016_1246_1328,0.5569895395962521
2016_1246_1332,0.6477725888705683
2016_1246_1333,0.8912984296533696
2016_1246_1338,0.7168287298188734
2016_1246_1344,0.7765314829626329
2016_1246_1345,0.7721818088637545
2016_1246_1355,0.8626019779482118
2016_1246_1371,0.7965692342653501
2016_1246_1372,0.7353016296403143
2016_1246_1380,0.973718525819355
2016_1246_1386,0.8460017628763356
2016_1246_1392,0.9225578400866087
2016_1246_1393,0.621335506304532
2016_1246_1396,0.8330130726935978
2016_1246_1400,0.7820723160353412
2016_1246_1401,0.7625180601775017
2016_1246_1403,0.8981231997010531
2016_1246_1409,0.8519989868712501
2016_1246_1421,0.9686627780725354
2016_1246_1423,0.9622708938135305
2016_1246_1425,0.8662220984162192
2016_1246_1428,0.7142690823943307
2016_1246_1433,0.5859767036424435
2016_1246_1435,0.8056176014348148
2016_1246_1437,0.4758972078647342
2016_1246_1438,0.42136273021344317
2016_1246_1451,0.9692227223482095
2016_1246_1452,0.7170235088230974
2016_1246_1453,0.8771688727823099
2016_1246_1455,0.5580417424818567
2016_1246_1458,0.5541132472038124
2016_1246_1462,0.7113853046195717
2016_1246_1463,0.9118293681920022
2016_1268_1274,0.42677014120624945
2016_1268_1276,0.4630570539749652
2016_1268_1277,0.2939024870520168
2016_1268_1292,0.7001683723442962
2016_1268_1314,0.3035098677609188
2016_1268_1320,0.5712556768786701
2016_1268_1323,0.5395680241246509
2016_1268_1328,0.34294177062110126
2016_1268_1332,0.432991839702733
2016_1268_1333,0.7537451279188749
2016_1268_1338,0.5103073959625841
2016_1268_1344,0.5841934279841916
2016_1268_1345,0.5786002609063787
2016_1268_1355,0.7071300697435637
2016_1268_1371,0.6108381731911313
2016_1268_1372,0.5340256865750446
2016_1268_1380,0.9180877343458811
2016_1268_1386,0.6814302588926979
2016_1268_1392,0.8095321041142085
2016_1268_1393,0.405680693582465
2016_1268_1396,0.6622524805749812
2016_1268_1400,0.5915469482474849
2016_1268_1401,0.5660836051783324
2016_1268_1403,0.7655299300579758
2016_1268_1409,0.6905768719206401
2016_1268_1421,0.9057280287116563
2016_1268_1423,0.8907981650432869
2016_1268_1425,0.7126943734594494
2016_1268_1428,0.507243283439643
2016_1268_1433,0.3706592080806755
2016_1268_1435,0.6232478572421637
2016_1268_1437,0.27152999042128023
2016_1268_1438,0.22781928882870178
2016_1268_1451,0.9070811999380959
2016_1268_1452,0.5104504378753683
2016_1268_1453,0.7302892063225093
2016_1268_1455,0.3444708061046884
2016_1268_1458,0.3402086694256515
2016_1268_1462,0.5036984738740289
2016_1268_1463,0.7896460222276548
2016_1274_1276,0.5365572767343649
2016_1274_1277,0.36042600215794207
2016_1274_1292,0.760837825842482
2016_1274_1314,0.3708662357411627
2016_1274_1320,0.6420893719495027
2016_1274_1323,0.6117293157840089
2016_1274_1328,0.4130029118386739
2016_1274_1332,0.5063485918979405
2016_1274_1333,0.8079956717698074
2016_1274_1338,0.58329247644532
2016_1274_1344,0.6543837144692233
2016_1274_1345,0.649070423264412
2016_1274_1355,0.7670696703201518
2016_1274_1371,0.6794105360758514
2016_1274_1372,0.6058403741138494
2016_1274_1380,0.9424968700683384
2016_1274_1386,0.7441364506524083
2016_1274_1392,0.855444520286984
2016_1274_1393,0.4784190292879048
2016_1274_1396,0.7267474645014451
2016_1274_1400,0.6612952749645431
2016_1274_1401,0.6372091206456594
2016_1274_1403,0.8181321124814475
2016_1274_1409,0.7523400002405133
2016_1274_1421,0.9330393862915872
2016_1274_1423,0.9214384937151262
2016_1274_1425,0.7720473070138872
2016_1274_1428,0.580310726947048
2016_1274_1433,0.44209490306716936
2016_1274_1435,0.690946039194684
2016_1274_1437,0.33594590233535737
2016_1274_1438,0.28725621265204704
2016_1274_1451,0.9340788866816141
2016_1274_1452,0.583460945928707
2016_1274_1453,0.78755114424926
2016_1274_1455,0.41442567871129776
2016_1274_1458,0.4101279133140211
2016_1274_1462,0.5768910013764441
2016_1274_1463,0.8387436804740731
2016_1276_1277,0.32674084439710077
2016_1276_1292,0.7314086164765239
2016_1276_1314,0.33679650788060944
2016_1276_1320,0.6072436143432789
2016_1276_1323,0.576114862139725
2016_1276_1328,0.3777194586065814
2016_1276_1332,0.4697512107974732
2016_1276_1333,0.7818548602227556
2016_1276_1338,0.5471643211626598
2016_1276_1344,0.6199010376669177
2016_1276_1345,0.614429937767822
2016_1276_1355,0.7380189714260799
2016_1276_1371,0.6458170174862164
2016_1276_1372,0.5703739433242507
2016_1276_1380,0.9310755854439512
2016_1276_1386,0.713654398152765
2016_1276_1392,0.8334931791726307
2016_1276_1393,0.44202854064827585
2016_1276_1396,0.6953273115708398
2016_1276_1400,0.6270558002246581
2016_1276_1401,0.6022014481261271
2016_1276_1403,0.792824453040212
2016_1276_1409,0.7223478459324142
2016_1276_1421,0.9202190121934514
2016_1276_1423,0.9070049528228314
2016_1276_1425,0.7433007472361643
2016_1276_1428,0.5441306759716407
2016_1276_1433,0.4062256278992159
2016_1276_1435,0.6578246079389456
2016_1276_1437,0.30324282064517816
2016_1276_1438,0.2569170000527152
2016_1276_1451,0.9214099283238684
2016_1276_1452,0.5473208556273844
2016_1276_1453,0.7598767734891461
2016_1276_1455,0.37920233303623324
2016_1276_1458,0.3749054127377382
2016_1276_1462,0.5406362637975138
2016_1276_1463,0.815201389193955
2016_1277_1292,0.8567307390494145
2016_1277_1314,0.5111352618482345
2016_1277_1320,0.7646423065298247
2016_1277_1323,0.7392601350943678
2016_1277_1328,0.5546476563489952
2016_1277_1332,0.6455687543081015
2016_1277_1333,0.8901920464441962
2016_1277_1338,0.7148206545662918
2016_1277_1344,0.7747574994365369
2016_1277_1345,0.770388937323665
2016_1277_1355,0.8612983889626491
2016_1277_1371,0.7948895338068452
2016_1277_1372,0.7333736870030823
2016_1277_1380,0.9733571055277049
2016_1277_1386,0.844592699566814
2016_1277_1392,0.9216981050161702
2016_1277_1393,0.6190796520071709
2016_1277_1396,0.8315281477484997
2016_1277_1400,0.7803242888947124
2016_1277_1401,0.7606824704766771
2016_1277_1403,0.8970682621181802
2016_1277_1409,0.850627064142994
2016_1277_1421,0.9682441444639517
2016_1277_1423,0.9617830871903023
2016_1277_1425,0.8649412374547537
2016_1277_1428,0.7122518800399862
2016_1277_1433,0.5836675115242024
2016_1277_1435,0.8039835150282685
2016_1277_1437,0.47353645829941626
2016_1277_1438,0.4190447024373764
2016_1277_1451,0.968810356157083
2016_1277_1452,0.7150153003607822
2016_1277_1453,0.8759620211969888
2016_1277_1455,0.5557071115035902
2016_1277_1458,0.5517683017433079
2016_1277_1462,0.7093569553408144
2016_1277_1463,0.9108805229039567
2016_1292_1314,0.14955650009478466
2016_1292_1320,0.3648855533717942
2016_1292_1323,0.33524974935427015
2016_1292_1328,0.17662238897770335
2016_1292_1332,0.24402660460835768
2016_1292_1333,0.563849063876261
2016_1292_1338,0.3089688382392143
2016_1292_1344,0.37726851270703093
2016_1292_1345,0.3719107840974598
2016_1292_1355,0.5079024102162635
2016_1292_1371,0.40362882269096384
2016_1292_1372,0.3316189655976204
2016_1292_1380,0.8067963029548937
2016_1292_1386,0.47847028591508534
2016_1292_1392,0.6371954763055525
2016_1292_1393,0.22280054067667587
2016_1292_1396,0.4574897621647871
2016_1292_1400,0.3845296232612153
2016_1292_1401,0.3598366999950894
2016_1292_1403,0.5788434072241122
2016_1292_1409,0.4887921983959385
2016_1292_1421,0.7847927996598293
2016_1292_1423,0.7593674267511936
2016_1292_1425,0.5142277483993245
2016_1292_1428,0.30622774261781427
2016_1292_1433,0.1966406829692821
2016_1292_1435,0.4162744550623559
2016_1292_1437,0.1289066096468336
2016_1292_1438,0.1022132158018713
2016_1292_1451,0.7871741335221965
2016_1292_1452,0.3090217430629728
2016_1292_1453,0.5351172680105036
2016_1292_1455,0.17807023739044883
2016_1292_1458,0.17466185958983893
2016_1292_1462,0.30298183191294076
2016_1292_1463,0.6100961410112247
2016_1314_1320,0.7560703647113926
2016_1314_1323,0.7302058114336551
2016_1314_1328,0.5436220282504307
2016_1314_1332,0.6351855762186305
2016_1314_1333,0.8849675424992134
2016_1314_1338,0.7053544634860284
2016_1314_1344,0.7663904874880949
2016_1314_1345,0.7619331782421488
2016_1314_1355,0.8551447554422076
2016_1314_1371,0.7869657453699257
2016_1314_1372,0.7242839928996989
2016_1314_1380,0.9716478961903147
2016_1314_1386,0.8379423485195194
2016_1314_1392,0.917636569822521
2016_1314_1393,0.6084536404191201
2016_1314_1396,0.8245207095093451
2016_1314_1400,0.7720792941628833
2016_1314_1401,0.7520259729677984
2016_1314_1403,0.8920862668592018
2016_1314_1409,0.8441515958447046
2016_1314_1421,0.9662646454526792
2016_1314_1423,0.9594768755110168
2016_1314_1425,0.8588946309622402
2016_1314_1428,0.702742861316862
2016_1314_1433,0.5727933118461014
2016_1314_1435,0.7962742482861339
2016_1314_1437,0.46242926686078
2016_1314_1438,0.40814350116405995
2016_1314_1451,0.9668604642131774
2016_1314_1452,0.7055484571705942
2016_1314_1453,0.8702640745049893
2016_1314_1455,0.5447155698864194
2016_1314_1458,0.5407285045400265
2016_1314_1462,0.6997956035888916
2016_1314_1463,0.9063987081353172
2016_1320_1323,0.4680478202463623
2016_1320_1328,0.27969060357928677
2016_1320_1332,0.363811134418039
2016_1320_1333,0.6938044824595044
2016_1320_1338,0.43894914971034565
2016_1320_1344,0.5131499556965338
2016_1320_1345,0.507463356456281
2016_1320_1355,0.6426152809913538
2016_1320_1371,0.5405402926352494
2016_1320_1372,0.4630417776253931
2016_1320_1380,0.8873626438650005
2016_1320_1386,0.6148405939087944
2016_1320_1392,0.7570011750125045
2016_1320_1393,0.3379640219732946
2016_1320_1396,0.5944359469360503
2016_1320_1400,0.520704350149316
2016_1320_1401,0.49470715050547837
2016_1320_1403,0.7070072630074655
2016_1320_1409,0.6246763645640105
2016_1320_1421,0.8718324735221076
2016_1320_1423,0.853354372640346
2016_1320_1425,0.64861392563393
2016_1320_1428,0.4359060409383208
2016_1320_1433,0.30526951731060165
2016_1320_1435,0.5534271139242848
2016_1320_1437,0.2155282694161828
2016_1320_1438,0.17744716343013295
2016_1320_1451,0.8735261343218345
2016_1320_1452,0.43906241593422446
2016_1320_1453,0.6678651830552844
2016_1320_1455,0.28125446039425195
2016_1320_1458,0.2771740277140813
2016_1320_1462,0.4323565396201569
2016_1320_1463,0.7341944086890151
2016_1323_1328,0.3072920305495677
2016_1323_1332,0.39433516857261375
2016_1323_1333,0.7213119542674945
2016_1323_1338,0.4707206207246379
2016_1323_1344,0.5450555385831763
2016_1323_1345,0.5393898323050852
2016_1323_1355,0.672032649052574
2016_1323_1371,0.5722112385558134
2016_1323_1372,0.49473502876900927
2016_1323_1380,0.9019131373515137
2016_1323_1386,0.6451033424033283
2016_1323_1392,0.7813143694207214
2016_1323_1393,0.3677450216651905
2016_1323_1396,0.6251814784452459
2016_1323_1400,0.5525473842072613
2016_1323_1401,0.5266940542549774
2016_1323_1403,0.7339095562867457
2016_1323_1409,0.6546610353199683
2016_1323_1421,0.8878303357554035
2016_1323_1423,0.8709616990847109
2016_1323_1425,0.6778551754388344
2016_1323_1428,0.4676567916996259
2016_1323_1433,0.3339046254917788
2016_1323_1435,0.5849300986795103
2016_1323_1437,0.23973230007722807
2016_1323_1438,0.19907620306985643
2016_1323_1451,0.8893688151464575
2016_1323_1452,0.4708475770653425
2016_1323_1453,0.6964183116565951
2016_1323_1455,0.30884817110382085
2016_1323_1458,0.30467109465263503
2016_1323_1462,0.46409609565555504
2016_1323_1463,0.7597784590746386
2016_1328_1332,0.5932176128337878
2016_1328_1333,0.8621383997005062
2016_1328_1338,0.6664127479676961
2016_1328_1344,0.7313773092574607
2016_1328_1345,0.726596001707455
2016_1328_1355,0.8286030733735439
2016_1328_1371,0.7535976787780281
2016_1328_1372,0.6867148903974045
2016_1328_1380,0.9636778722252165
2016_1328_1386,0.8094458136005193
2016_1328_1392,0.8995805631825957
2016_1328_1393,0.5657779449674345
2016_1328_1396,0.7946413834155415
2016_1328_1400,0.7375185907335289
2016_1328_1401,0.7159531926823022
2016_1328_1403,0.8702433630719287
2016_1328_1409,0.8163398852494217
2016_1328_1421,0.9570989307115558
2016_1328_1423,0.9488803277903706
2016_1328_1425,0.8327731305727972
2016_1328_1428,0.6636514195055382
2016_1328_1433,0.5294825227338342
2016_1328_1435,0.7637134259934166
2016_1328_1437,0.41928508458346636
2016_1328_1438,0.3663213397293362
2016_1328_1451,0.9578253892674451
2016_1328_1452,0.6666013685426873
2016_1328_1453,0.8455310894940903
2016_1328_1455,0.5012183049175019
2016_1328_1458,0.4970791074111751
2016_1328_1462,0.6605180604541552
2016_1328_1463,0.8866005976398004
2016_1332_1333,0.8037240353239292
2016_1332_1338,0.5771090070326534
2016_1332_1344,0.6485582413966835
2016_1332_1345,0.6432123714626936
2016_1332_1355,0.7622747743529661
2016_1332_1371,0.6737625713046516
2016_1332_1372,0.5997939937620493
2016_1332_1380,0.940722455045849
2016_1332_1386,0.7390795701478712
2016_1332_1392,0.851905188439174
2016_1332_1393,0.4720758322478852
2016_1332_1396,0.7215153264361651
2016_1332_1400,0.6555184384156097
2016_1332_1401,0.6312758770515234
2016_1332_1403,0.8140075000544953
2016_1332_1409,0.7473733436484249
2016_1332_1421,0.931036577287071
2016_1332_1423,0.9191700412527968
2016_1332_1425,0.767308250145978
2016_1332_1428,0.5741151089612311
2016_1332_1433,0.43580320654504917
2016_1332_1435,0.6853900851013184
2016_1332_1437,0.3300997276872071
2016_1332_1438,0.281781785710899
2016_1332_1451,0.9321008510131508
2016_1332_1452,0.5772756445610958
2016_1332_1453,0.7830056384212597
2016_1332_1455,0.4082176224987423
2016_1332_1458,0.403914959665561
2016_1332_1462,0.5706788709250856
2016_1332_1463,0.8349289200087264
2016_1333_1338,0.2545965244453684
2016_1333_1344,0.31777048132268865
2016_1333_1345,0.31276122156162117
2016_1333_1355,0.4439354414810418
2016_1333_1371,0.34266283761198557
2016_1333_1372,0.27574861209645185
2016_1333_1380,0.75996154673011
2016_1333_1386,0.4148646623214427
2016_1333_1392,0.575583881098596
2016_1333_1393,0.17766957486226623
2016_1333_1396,0.3944309064149897
2016_1333_1400,0.3246231308362645
2016_1333_1401,0.3014479107810269
2016_1333_1403,0.515295061729323
2016_1333_1409,0.4250134155213905
2016_1333_1421,0.7351072973867554
2016_1333_1423,0.7067716548222769
2016_1333_1425,0.4501683517796603
2016_1333_1428,0.2520870669841225
2016_1333_1433,0.15501617692095757
2016_1333_1435,0.3547130672534771
2016_1333_1437,0.09794324399688668
2016_1333_1438,0.07623097966110721
2016_1333_1451,0.7377876028161987
2016_1333_1452,0.25462412607612245
2016_1333_1453,0.47103011711554665
2016_1333_1455,0.13919109667458615
2016_1333_1458,0.13618534436515042
2016_1333_1462,0.24909512118330332
2016_1333_1463,0.5473551570594639
2016_1338_1344,0.5740377960757738
2016_1338_1345,0.5684231146396062
2016_1338_1355,0.6980790545669743
2016_1338_1371,0.6008278919879898
2016_1338_1372,0.5238066370584543
2016_1338_1380,0.9139839935453583
2016_1338_1386,0.6720493505928935
2016_1338_1392,0.8023007165829676
2016_1338_1393,0.3957558052509603
2016_1338_1396,0.652669886346506
2016_1338_1400,0.5814307346426042
2016_1338_1401,0.5558539611231587
2016_1338_1403,0.7574031047132078
2016_1338_1409,0.6813065854925275
2016_1338_1421,0.9011802730934075
2016_1338_1423,0.8857495143455963
2016_1338_1425,0.7037127443401832
2016_1338_1428,0.4969345142891719
2016_1338_1433,0.361027615096959
2016_1338_1435,0.6133236875556554
2016_1338_1437,0.26315618437006627
2016_1338_1438,0.2202316719875169
2016_1338_1451,0.9025812276427427
2016_1338_1452,0.5001388978254366
2016_1338_1453,0.7215658138080039
2016_1338_1455,0.3351243384560254
2016_1338_1458,0.33088232101808346
2016_1338_1462,0.4933838706710015
2016_1338_1463,0.7819815500226395
2016_1344_1345,0.4943130986012524
2016_1344_1355,0.6303127044855172
2016_1344_1371,0.5274473780648476
2016_1344_1372,0.45005174650246044
2016_1344_1380,0.8810512161047221
2016_1344_1386,0.6022248610856855
2016_1344_1392,0.7466860719725039
2016_1344_1393,0.32593313560077475
2016_1344_1396,0.5816487877797025
2016_1344_1400,0.5075692220648792
2016_1344_1401,0.4815506113681895
2016_1344_1403,0.6956684477802746
2016_1344_1409,0.6121624631826162
2016_1344_1421,0.8649158821539885
2016_1344_1423,0.8457691256921388
2016_1344_1425,0.6363762199329295
2016_1344_1428,0.4229320218238735
2016_1344_1433,0.2937485260765225
2016_1344_1435,0.5403849813546328
2016_1344_1437,0.20591114728402723
2016_1344_1438,0.16890643242694472
2016_1344_1451,0.8666743192447227
2016_1344_1452,0.42606972765314133
2016_1344_1453,0.6558881359403523
2016_1344_1455,0.27018664764366124
2016_1344_1458,0.2661517485426395
2016_1344_1462,0.41939232900241463
2016_1344_1463,0.7233731580304434
2016_1345_1355,0.6356358089919936
2016_1345_1371,0.5331102290317047
2016_1345_1372,0.4556683193805991
2016_1345_1380,0.8837848217540754
2016_1345_1386,0.6076828906982503
2016_1345_1392,0.7511511969815265
2016_1345_1393,0.33113205858397565
2016_1345_1396,0.5871805480894767
2016_1345_1400,0.5132498871317328
2016_1345_1401,0.4872399325937917
2016_1345_1403,0.7005757550314025
2016_1345_1409,0.6175766386490402
2016_1345_1421,0.8679113699436805
2016_1345_1423,0.8490539163840053
2016_1345_1425,0.6416713808791742
2016_1345_1428,0.42854104155255784
2016_1345_1433,0.29872626675871705
2016_1345_1435,0.5460261516881848
2016_1345_1437,0.21006405425129981
2016_1345_1438,0.17259348551430326
2016_1345_1451,0.8696417767030993
2016_1345_1452,0.431686895056941
2016_1345_1453,0.6610708907473771
2016_1345_1455,0.2749679622700115
2016_1345_1458,0.27091327315405156
2016_1345_1462,0.4249970232811375
2016_1345_1463,0.7280569659621291
2016_1355_1371,0.3959098262229724
2016_1355_1372,0.32442154094756825
2016_1355_1380,0.8014547464820319
2016_1355_1386,0.4705581485760436
2016_1355_1392,0.6298166533584215
2016_1355_1393,0.21680735486372957
2016_1355_1396,0.4496070432266742
2016_1355_1400,0.37690991651918804
2016_1355_1401,0.352364883776937
2016_1355_1403,0.5711232091156715
2016_1355_1409,0.48087767797371267
2016_1355_1421,0.7790842226115662
2016_1355_1423,0.75327595121442
2016_1355_1425,0.5063256123584157
2016_1355_1428,0.29920474884042914
2016_1355_1433,0.1910674847806659
2016_1355_1435,0.40850359944543957
2016_1355_1437,0.12465492840668228
2016_1355_1438,0.09860119746365725
2016_1355_1451,0.7815042627135484
2016_1355_1452,0.3019705181274744
2016_1355_1453,0.5272504365522294
2016_1355_1455,0.17283277195965754
2016_1355_1458,0.1694710032707076
2016_1355_1462,0.29598552315409893
2016_1355_1463,0.6025315722889244
2016_1371_1372,0.42315027486084145
2016_1371_1380,0.8668619334076323
2016_1371_1386,0.5754586767908315
2016_1371_1392,0.72423700630468
2016_1371_1393,0.3015255809619078
2016_1371_1396,0.5546095783725964
2016_1371_1400,0.4801199231614073
2016_1371_1401,0.45416956975590794
2016_1371_1403,0.671226000648809
2016_1371_1409,0.5855691512851446
2016_1371_1421,0.8494410308969198
2016_1371_1423,0.8288875144618205
2016_1371_1425,0.6102650784168798
2016_1371_1428,0.3961817168413551
2016_1371_1433,0.2705089832859155
2016_1371_1435,0.5129879278266077
2016_1371_1437,0.186849577599594
2016_1371_1438,0.15212443422909955
2016_1371_1451,0.8513367294405569
2016_1371_1452,0.39926744657964036
2016_1371_1453,0.6302486536028185
2016_1371_1455,0.24795751396497973
2016_1371_1458,0.24403372704542375
2016_1371_1462,0.39267775731012267
2016_1371_1463,0.6999269098150851
2016_1372_1380,0.9025097450592668
2016_1372_1386,0.6489666061939456
2016_1372_1392,0.7834743487918159
2016_1372_1393,0.3736894669170431
2016_1372_1396,0.6292670348781204
2016_1372_1400,0.5573702443568167
2016_1372_1401,0.5317479475015382
2016_1372_1403,0.7366875113404536
2016_1372_1409,0.6584133761338835
2016_1372_1421,0.8885980230215201
2016_1372_1423,0.8719417200753373
2016_1372_1425,0.6813328156457366
2016_1372_1428,0.4731509987783992
2016_1372_1433,0.3398949089033752
2016_1372_1435,0.5894420225596282
2016_1372_1437,0.24551846712526856
2016_1372_1438,0.20457321394931108
2016_1372_1451,0.8901176106176036
2016_1372_1452,0.47632170626541226
2016_1372_1453,0.6996692832135618
2016_1372_1455,0.3148228140772779
2016_1372_1458,0.31066384893530796
2016_1372_1462,0.4696176125850683
2016_1372_1463,0.7622219246667186
2016_1380_1386,0.17836556265133852
2016_1380_1392,0.3033320485842171
2016_1380_1393,0.05160435896482336
2016_1380_1396,0.1650318817876011
2016_1380_1400,0.12284456572610247
2016_1380_1401,0.10998206812879396
2016_1380_1403,0.2522706426009056
2016_1380_1409,0.1852683205412921
2016_1380_1421,0.4688115522700004
2016_1380_1423,0.43532254708998624
2016_1380_1425,0.20282467832211648
2016_1380_1428,0.0847663384567942
2016_1380_1433,0.04273808779720913
2016_1380_1435,0.14028396035828425
2016_1380_1437,0.022857316174750383
2016_1380_1438,0.01637328074853285
2016_1380_1451,0.472120953312237
2016_1380_1452,0.0859855571558812
2016_1380_1453,0.21802292012573837
2016_1380_1455,0.03695787599702022
2016_1380_1458,0.03570187463464302
2016_1380_1462,0.0832344899660962
2016_1380_1463,0.2785635416977362
2016_1386_1392,0.6574591033429742
2016_1386_1393,0.23884204939544998
2016_1386_1396,0.4789134544542738
2016_1386_1400,0.4051494988081573
2016_1386_1401,0.3800257264472208
2016_1386_1403,0.5999720352738787
2016_1386_1409,0.5103411484592784
2016_1386_1421,0.8006235137773379
2016_1386_1423,0.7762286126537314
2016_1386_1425,0.5357742519273024
2016_1386_1428,0.32513900440427207
2016_1386_1433,0.2115261831842485
2016_1386_1435,0.437343278272909
2016_1386_1437,0.1401872966821697
2016_1386_1438,0.11176512560151118
2016_1386_1451,0.8029003007526772
2016_1386_1452,0.32801251787755104
2016_1386_1453,0.5565932000810011
2016_1386_1455,0.19203666668445388
2016_1386_1458,0.18849880807410593
2016_1386_1462,0.3218170039073646
2016_1386_1463,0.6308366598736805
2016_1392_1393,0.13270906921508152
2016_1392_1396,0.3234311417576545
2016_1392_1400,0.25948958669959904
2016_1392_1401,0.2387386395492135
2016_1392_1403,0.4395250677740992
2016_1392_1409,0.35213874714014454
2016_1392_1421,0.6689313362119624
2016_1392_1423,0.6378186887653291
2016_1392_1425,0.37609309104094424
2016_1392_1428,0.1955167138121267
2016_1392_1433,0.11423828521095222
2016_1392_1435,0.2867466037705899
2016_1392_1437,0.06914015870429607
2016_1392_1438,0.05266836450398749
2016_1392_1451,0.6719095465678215
2016_1392_1452,0.19770234217671984
2016_1392_1453,0.3961898651079245
2016_1392_1455,0.1015717232759111
2016_1392_1458,0.099072803596638
2016_1392_1462,0.1928943060223743
2016_1392_1463,0.47140940209439347
2016_1393_1396,0.7443725201318788
2016_1393_1400,0.6808086925266426
2016_1393_1401,0.6572702085100421
2016_1393_1403,0.8319663302259767
2016_1393_1409,0.7690516757763832
2016_1393_1421,0.939703901351918
2016_1393_1423,0.9289951044451196
2016_1393_1425,0.787978653609032
2016_1393_1428,0.6013060200691019
2016_1393_1433,0.46353152254418795
2016_1393_1435,0.709690400995036
2016_1393_1437,0.355953817529649
2016_1393_1438,0.30603436741110146
2016_1393_1451,0.9406603086075526
2016_1393_1452,0.6044186851724201
2016_1393_1453,0.8028205235137867
2016_1393_1455,0.43560100931402296
2016_1393_1458,0.43132374002747376
2016_1393_1462,0.5979449658655152
2016_1393_1463,0.8515241695287883
2016_1396_1400,0.42580224819137386
2016_1396_1401,0.4003708898456704
2016_1396_1403,0.6201824749868748
2016_1396_1409,0.5313954526336455
2016_1396_1421,0.814952345607772
2016_1396_1423,0.7916107216023061
2016_1396_1425,0.5567010365580581
2016_1396_1428,0.34446067132635844
2016_1396_1433,0.22723362032301536
2016_1396_1435,0.45828442208721376
2016_1396_1437,0.15240311305622967
2016_1396_1438,0.12224153560932094
2016_1396_1451,0.8171237920546114
2016_1396_1452,0.3474011619364868
2016_1396_1453,0.577349432567801
2016_1396_1455,0.20686703781313356
2016_1396_1458,0.2032131847192165
2016_1396_1462,0.34107818022972997
2016_1396_1463,0.6505265075657425
2016_1400_1401,0.473998416698731
2016_1400_1403,0.6889406004133855
2016_1400_1409,0.6048364289115705
2016_1400_1421,0.86066588543232
2016_1400_1423,0.8411312929935469
2016_1400_1425,0.6291847124071759
2016_1400_1428,0.4155498563355798
2016_1400_1433,0.2873272618255086
2016_1400_1435,0.5328324476560018
2016_1400_1437,0.20063915184053063
2016_1400_1438,0.16426270794086684
2016_1400_1451,0.8624621482110498
2016_1400_1452,0.41867343064064066
2016_1400_1453,0.6488279039123692
2016_1400_1455,0.26404308899095347
2016_1400_1458,0.2600385881040101
2016_1400_1462,0.41201977807928203
2016_1400_1463,0.7169214706315987
2016_1401_1403,0.7116644279979492
2016_1401_1409,0.6297734754653679
2016_1401_1421,0.8747344659990114
2016_1401_1423,0.8565274490571906
2016_1401_1425,0.6536103194674339
2016_1401_1428,0.4410962240821631
2016_1401_1433,0.30981726788615216
2016_1401_1435,0.5587031688804633
2016_1401_1437,0.21928339781431475
2016_1401_1438,0.18076391152325602
2016_1401_1451,0.8764017574508963
2016_1401_1452,0.44426164898976833
2016_1401_1453,0.672764612362974
2016_1401_1455,0.28561167375051033
2016_1401_1458,0.2815109741080599
2016_1401_1462,0.4375409934775637
2016_1401_1463,0.738652194150885
2016_1403_1409,0.4100883042549437
2016_1403_1421,0.7222521304860646
2016_1403_1423,0.6933023363689303
2016_1403_1425,0.4350585956473222
2016_1403_1428,0.24015048120484175
2016_1403_1433,0.14622915977077117
2016_1403_1435,0.34063154018981584
2016_1403_1437,0.09163265996030476
2016_1403_1438,0.07102677618477836
2016_1403_1451,0.7249971947897454
2016_1403_1452,0.2426191340205058
2016_1403_1453,0.45581524684220304
2016_1403_1455,0.1310523977160446
2016_1403_1458,0.12814787704736297
2016_1403_1462,0.23722917857603082
2016_1403_1463,0.5321036783431157
2016_1409_1421,0.7932390413473226
2016_1409_1423,0.7683402933580252
2016_1409_1425,0.5254569865982153
2016_1409_1428,0.3159136877766242
2016_1409_1433,0.20417889194260852
2016_1409_1435,0.4271685977835738
2016_1409_1437,0.13456682317524807
2016_1409_1438,0.10698405463534845
2016_1409_1451,0.7955666641126272
2016_1409_1452,0.3187508969458817
2016_1409_1453,0.5463283165872216
2016_1409_1455,0.1851273402321742
2016_1409_1458,0.18164985440543896
2016_1409_1462,0.31262578019162784
2016_1409_1463,0.6209886874918278
2016_1421_1423,0.4662872719694849
2016_1421_1425,0.2254892344092778
2016_1421_1428,0.09743667342504336
2016_1421_1433,0.05022485070419562
2016_1421_1435,0.15831886345010096
2016_1421_1437,0.027359968799603927
2016_1421_1438,0.019777242529970925
2016_1421_1451,0.5033154522883114
2016_1421_1452,0.09879125246307485
2016_1421_1453,0.24162595023593367
2016_1421_1455,0.043610177069205544
2016_1421_1458,0.042192186178927706
2016_1421_1462,0.0957461657737099
2016_1421_1463,0.3053030905434002
2016_1423_1425,0.2516041681434914
2016_1423_1428,0.11271731350579091
2016_1423_1433,0.05951796531226264
2016_1423_1435,0.17953818572905814
2016_1423_1437,0.03308047754166547
2016_1423_1438,0.02415124833895144
2016_1423_1451,0.5370108735024477
2016_1423_1452,0.11422527559452998
2016_1423_1453,0.26870111172787675
2016_1423_1455,0.05191181251190624
2016_1423_1458,0.05030570887725511
2016_1423_1462,0.11084924397062426
2016_1423_1463,0.3354823506704679
2016_1425_1428,0.2935911071162678
2016_1425_1433,0.18661850810703798
2016_1425_1435,0.4022866678800222
2016_1425_1437,0.12126512852442703
2016_1425_1438,0.09572335439736497
2016_1425_1451,0.7769618123921918
2016_1425_1452,0.2963341601353131
2016_1425_1453,0.5209524336983632
2016_1425_1455,0.1686530177263646
2016_1425_1458,0.16532870138730277
2016_1425_1462,0.2903933825100488
2016_1425_1463,0.5964736272544076
2016_1428_1433,0.36387443668465946
2016_1428_1435,0.6162900283122397
2016_1428_1437,0.265619251473493
2016_1428_1438,0.22245812934097461
2016_1428_1451,0.9039499353875203
2016_1428_1452,0.5032056445371977
2016_1428_1453,0.7241868169152978
2016_1428_1455,0.3378835530913391
2016_1428_1458,0.3336349694853365
2016_1428_1462,0.4964506245549069
2016_1428_1463,0.7842920278895156
2016_1433_1435,0.7401156618272565
2016_1433_1437,0.390694437127353
2016_1433_1438,0.33897315189585797
2016_1433_1451,0.9506005185845084
2016_1433_1452,0.6391553853511752
2016_1433_1453,0.8270767728986006
2016_1433_1455,0.4718114196206981
2016_1433_1458,0.4675990095705687
2016_1433_1462,0.6328833542572481
2016_1433_1463,0.8715506477045029
2016_1435_1437,0.17827104927546103
2016_1435_1438,0.14463028749068707
2016_1435_1451,0.8436422384006703
2016_1435_1452,0.3867658581691394
2016_1435_1453,0.6178872784035813
2016_1435_1455,0.23783394058254292
2016_1435_1458,0.23396896722975297
2016_1435_1462,0.3802291956548945
2016_1435_1463,0.6885007768118555
2016_1437_1438,0.4451541923134533
2016_1437_1451,0.9731393259268245
2016_1437_1452,0.7370392991850808
2016_1437_1453,0.8889358190219468
2016_1437_1455,0.5816917488745534
2016_1437_1458,0.5778761661852331
2016_1437_1462,0.7316142054296538
2016_1437_1463,0.9210153209274965
2016_1438_1451,0.9806012839544618
2016_1438_1452,0.779961820908126
2016_1438_1453,0.9128412473494232
2016_1438_1455,0.6344786171200699
2016_1438_1458,0.6309594347998397
2016_1438_1462,0.7750587380112491
2016_1438_1463,0.9393553561900384
2016_1451_1452,0.09739005983563742
2016_1451_1453,0.23907642355812594
2016_1451_1455,0.04287581448542162
2016_1451_1458,0.04147538840192883
2016_1451_1462,0.09437659632849577
2016_1451_1463,0.30242720508341114
2016_1452_1453,0.7215272529788069
2016_1452_1455,0.33493666499950503
2016_1452_1458,0.3306931652468914
2016_1452_1462,0.4932422077331765
2016_1452_1463,0.7819700996976593
2016_1453_1455,0.15585675557589782
2016_1453_1458,0.15266380524463188
2016_1453_1462,0.2726977125931103
2016_1453_1463,0.5759951952768954
2016_1455_1458,0.4958684105417317
2016_1455_1462,0.6589846782508039
2016_1455_1463,0.8853781708122405
2016_1458_1462,0.6632426871031472
2016_1458_1463,0.88806869560418
2016_1462_1463,0.7870602358485452
